UserId,Predicted
1,1082185 6534178 995242 1029743 840361
2,1082185 6534178 1106523 1133018 1029743
3,1082185 981760 995242 1029743 840361
6,1082185 6534178 1029743 995242 981760
7,1082185 6534178 1029743 1106523 995242
8,1082185 6534178 1029743 1106523 995242
9,1082185 6534178 1029743 1106523 826249
10,1082185 981760 995242 1029743 840361
13,1082185 6534178 1029743 995242 1106523
14,1082185 6534178 1029743 981760 995242
15,1082185 6534178 1029743 995242 1127831
18,1082185 6534178 995242 826249 981760
19,1082185 6534178 1029743 995242 1106523
20,1082185 6534178 1126899 1058997 883404
21,1082185 6534178 1029743 1106523 995242
22,1082185 6534178 1070820 981760 826249
23,1082185 6534178 1029743 995242 981760
24,1082185 6534178 1029743 1106523 883404
25,1082185 6534178 1029743 995242 1106523
26,1082185 6534178 1029743 995242 981760
27,1082185 6534178 1029743 986912 995242
28,1082185 6534178 1005186 1029743 854852
31,1082185 6534178 1029743 981760 1058997
32,1082185 6534178 981760 1005186 1127831
33,1082185 6534178 1106523 1029743 981760
34,1082185 6534178 1029743 981760 883404
36,1082185 6534178 1029743 995242 1005186
37,1082185 6534178 1106523 844165 1053690
39,1082185 6534178 1029743 981760 1126899
40,1082185 6534178 995242 840361 1029743
41,1082185 6534178 981760 1029743 849843
42,1082185 6534178 981760 976998 916122
43,1082185 6534178 1029743 995242 1106523
46,1082185 6534178 1029743 995242 981760
47,1082185 6534178 995242 981760 1005186
49,1082185 6534178 1029743 981760 1070820
50,1082185 981760 995242 1029743 840361
51,1082185 6534178 1029743 995242 981760
52,1082185 6534178 1029743 1106523 1133018
53,1082185 6534178 904360 5569471 1058997
55,1082185 6534178 995242 849843 844165
56,1082185 6534178 981760 1058997 1029743
57,1082185 6534178 995242 1133018 981760
58,1082185 6534178 1029743 1106523 995242
59,1082185 6534178 981760 1029743 1133018
62,1082185 6534178 1082185 6534178 1029743
63,1082185 6534178 1029743 995242 1082185
64,1082185 6534178 1106523 1029743 981760
65,1082185 6534178 1029743 1070820 981760
67,1082185 6534178 1029743 995242 981760
68,1082185 6534178 1029743 995242 981760
69,1082185 6534178 1029743 1106523 981760
71,1082185 6534178 1029743 995242 1127831
75,1082185 6534178 1082185 6534178 1029743
77,1082185 6534178 1029743 1106523 981760
78,1082185 6534178 849843 1029743 1106523
79,1082185 6534178 1029743 908531 1070820
80,1082185 6534178 995242 1029743 981760
81,1082185 6534178 1029743 995242 1106523
82,1082185 6534178 5569230 981760 860776
85,1082185 6534178 995242 1029743 981760
87,1082185 6534178 845208 1037863 995242
88,1082185 6534178 1029743 995242 981760
90,1082185 981760 995242 1029743 840361
91,1082185 6534178 1029743 995242 981760
92,1082185 6534178 995242 981760 860776
94,1082185 6534178 1005186 1044078 1081177
95,1082185 6534178 1029743 995242 981760
97,1082185 6534178 995242 1029743 981760
98,1082185 6534178 1029743 981760 904360
99,1082185 6534178 1029743 995242 883404
100,1082185 6534178 1029743 981760 849843
101,1082185 6534178 1106523 1133018 1029743
104,1082185 6534178 1029743 995242 981760
105,1082185 6534178 1029743 995242 1106523
106,1082185 6534178 981760 1005186 1127831
109,1082185 6534178 1058997 981760 1127831
110,1082185 6534178 1029743 1133018 981760
111,1082185 6534178 1106523 1133018 1029743
112,1082185 6534178 1029743 1070820 862349
113,1082185 6534178 1029743 1070820 981760
114,1082185 6534178 1029743 995242 883404
115,1082185 6534178 1029743 1106523 995242
117,1082185 6534178 995242 951590 981760
118,1082185 6534178 995242 1127831 849843
119,1082185 6534178 1029743 995242 981760
121,1082185 6534178 1029743 995242 1106523
122,1082185 6534178 995242 1029743 5569230
123,1082185 6534178 1029743 981760 995242
124,1082185 6534178 1106523 981760 1133018
125,1082185 6534178 1029743 995242 904360
127,1082185 6534178 1029743 995242 1106523
128,1082185 6534178 1029743 981760 1127831
131,1082185 6534178 1029743 995242 981760
132,1082185 6534178 1058997 1106523 854852
133,1082185 6534178 995242 1029743 1127831
134,1082185 6534178 1029743 995242 1106523
135,1082185 6534178 862349 904360 826249
136,1082185 6534178 1029743 1106523 1133018
138,1082185 6534178 1029743 981760 1127831
139,1082185 6534178 995242 1127831 1058997
140,1082185 6534178 1029743 1106523 995242
141,1082185 981760 995242 1029743 840361
142,1082185 6534178 1029743 995242 1070015
143,1082185 6534178 1029743 995242 1106523
146,1082185 6534178 1029743 995242 981760
151,1082185 6534178 1029743 995242 981760
153,1082185 6534178 981760 1029743 995242
156,1082185 6534178 1029743 995242 981760
157,1082185 6534178 995242 981760 1029743
158,1082185 6534178 981760 862349 995242
159,1082185 6534178 1106523 981760 1029743
160,1082185 6534178 1005186 995242 1070820
161,1082185 6534178 995242 1029743 981760
162,1082185 6534178 1029743 904360 981760
164,1082185 6534178 1029743 995242 1106523
166,1082185 6534178 1029743 1106523 951590
167,1082185 6534178 995242 826249 995785
168,1082185 981760 995242 1029743 840361
171,1082185 6534178 1029743 995242 981760
172,1082185 6534178 1098066 1053690 6533765
174,1082185 981760 995242 1029743 840361
178,1082185 6534178 1106523 1085604 1029743
183,1082185 6534178 1106523 1029743 1053690
184,1082185 6534178 981760 923746 1029743
185,1082185 6534178 1029743 995242 995785
187,1082185 6534178 1029743 908531 1106523
190,1082185 6534178 1029743 995242 951590
192,1082185 6534178 1029743 5569230 995242
193,1082185 6534178 1029743 995242 981760
194,1082185 6534178 1029743 1106523 1133018
195,1082185 6534178 1029743 995242 981760
197,1082185 6534178 951590 1126899 1029743
198,1082185 6534178 1029743 995242 1106523
199,1082185 6534178 995242 1005186 904360
200,1082185 6534178 1029743 883404 1085604
201,1082185 6534178 995242 1029743 1106523
202,1082185 6534178 1029743 981760 1106523
203,1082185 6534178 1029743 995242 1005186
204,1082185 6534178 1127831 1005186 923746
205,1082185 6534178 1106523 981760 904360
208,1082185 6534178 981760 1029743 951590
209,1082185 6534178 1029743 995242 1106523
210,1082185 6534178 1029743 1106523 981760
211,1082185 6534178 1133018 962229 1029743
212,1082185 6534178 1029743 995242 1127831
213,1082185 981760 995242 1029743 840361
214,1082185 6534178 1127831 1005186 860776
215,1082185 6534178 995242 981760 1005186
216,1082185 6534178 866227 916122 1127831
217,1082185 6534178 1029743 995242 981760
218,1082185 6534178 995242 1029743 860776
219,1082185 6534178 981760 1127831 995242
220,1082185 6534178 995242 1029743 981760
221,1082185 6534178 1133018 995242 1029743
222,1082185 6534178 1029743 995242 860776
224,1082185 6534178 1029743 1106523 995242
225,1082185 6534178 1029743 995242 1133018
227,1082185 6534178 908531 995242 1029743
228,1082185 6534178 981760 860776 1029743
230,1082185 6534178 1029743 995242 883404
232,1082185 6534178 1029743 995242 981760
233,1082185 6534178 1029743 995242 1082185
235,1082185 6534178 1029743 908531 1127831
236,1082185 6534178 1029743 995242 981760
239,1082185 6534178 1133018 981760 1029743
240,1082185 981760 995242 1029743 840361
242,1082185 6534178 1029743 995242 904360
243,1082185 6534178 1126899 1127831 981760
244,1082185 6534178 995242 1133018 1029743
246,1082185 6534178 1029743 1070820 862349
247,1082185 6534178 981760 1133018 1005186
250,1082185 6534178 1029743 995242 951590
251,1082185 6534178 1029743 995242 883404
253,1082185 6534178 1029743 1106523 951590
256,1082185 6534178 1029743 862349 1098066
257,1082185 6534178 1029743 1106523 883404
258,1082185 6534178 995242 1029743 862349
259,1082185 6534178 866227 1098066 1029743
260,1082185 6534178 981760 904360 1081177
262,1082185 6534178 1029743 981760 1058997
263,1082185 6534178 1029743 995242 904360
264,1082185 6534178 1127831 981760 5569230
266,1082185 6534178 981760 1126899 1029743
267,1082185 6534178 1106523 844165 1029743
268,1082185 6534178 995242 1029743 840361
269,1082185 6534178 981760 1106523 1029743
270,1082185 6534178 1106523 826249 5569230
271,1082185 6534178 986912 883404 981760
273,1082185 6534178 1029743 1106523 995242
274,1082185 6534178 883404 1098066 1029743
275,1082185 6534178 1106523 1133018 1029743
276,1082185 6534178 995242 1029743 951590
278,1082185 6534178 995242 1029743 1098066
281,1082185 6534178 981760 995242 1070820
282,1082185 6534178 1029743 995242 904360
283,1082185 6534178 1029743 981760 1127831
285,1082185 6534178 1029743 995242 981760
286,1082185 6534178 995242 866211 1098066
287,1082185 6534178 1106523 1029743 981760
288,1082185 6534178 904360 1029743 995242
289,1082185 6534178 981760 995242 860776
290,1082185 6534178 1029743 995242 1106523
291,1082185 6534178 1029743 1106523 995242
292,1082185 6534178 1029743 995242 1106523
294,1082185 6534178 1106523 1029743 995242
297,1082185 6534178 1029743 995242 981760
301,1082185 6534178 1029743 995242 1127831
302,1082185 6534178 1029743 904360 1133018
303,1082185 6534178 1029743 995242 951590
304,1082185 6534178 1029743 995242 1106523
305,1082185 6534178 995242 1029743 840361
306,1082185 6534178 1029743 995242 981760
307,1082185 6534178 981760 840361 1096036
308,1082185 6534178 5569230 995785 883404
311,1082185 6534178 1106523 1029743 1005186
312,1082185 6534178 981760 840361 866211
314,1082185 6534178 1029743 981760 1106523
316,1082185 6534178 995242 981760 1029743
317,1082185 6534178 1029743 951590 995242
318,1082185 6534178 1106523 5569230 1133018
321,1082185 6534178 1126899 981760 1058997
322,1082185 6534178 995242 981760 862349
323,1082185 981760 995242 1029743 840361
324,1082185 6534178 1127831 1070820 840361
325,1082185 6534178 995242 1029743 981760
326,1082185 6534178 995242 1029743 908531
327,1082185 981760 995242 1029743 840361
328,1082185 6534178 1070820 1029743 1127831
329,1082185 6534178 995242 1029743 1127831
330,1082185 6534178 995242 1029743 1005186
331,1082185 6534178 1029743 981760 995242
332,1082185 6534178 1029743 995242 981760
334,1082185 6534178 1029743 995242 1106523
338,1082185 6534178 1029743 995242 981760
339,1082185 6534178 1106523 1029743 995242
342,1082185 6534178 1029743 1106523 1005186
343,1082185 6534178 995242 923746 1127831
345,1082185 6534178 1029743 995242 981760
346,1082185 6534178 1029743 995242 981760
347,1082185 981760 995242 1029743 840361
348,1082185 6534178 1029743 981760 1106523
349,1082185 6534178 1106523 1029743 981760
351,1082185 6534178 1029743 1106523 1133018
353,1082185 6534178 981760 1029743 1127831
354,1082185 6534178 1029743 981760 1106523
356,1082185 6534178 995242 1029743 883404
357,1082185 6534178 995242 1126899 1029743
358,1082185 6534178 1106523 981760 1029743
360,1082185 6534178 995242 981760 1029743
361,1082185 6534178 1029743 981760 1106523
362,1082185 6534178 981760 1127831 923746
364,1082185 981760 995242 1029743 840361
365,1082185 6534178 981760 1029743 1106523
366,1082185 6534178 1106523 1133018 883404
367,1082185 6534178 1029743 1070820 862349
369,1082185 6534178 1029743 981760 1106523
371,1082185 6534178 1029743 995242 981760
373,1082185 981760 995242 1029743 840361
374,1082185 6534178 1029743 904360 981760
376,1082185 6534178 981760 1029743 1133018
377,1082185 6534178 1029743 995242 1126899
378,1082185 6534178 1005186 981760 1133018
380,1082185 6534178 1029743 1106523 951590
381,1082185 6534178 1029743 995242 883404
382,1082185 6534178 1029743 995242 1127831
383,1082185 6534178 1126899 995785 1127831
384,1082185 6534178 1029743 981760 1126899
385,1082185 6534178 1029743 883404 981760
386,1082185 6534178 1029743 995242 1106523
387,1082185 6534178 981760 1126899 1058997
388,1082185 6534178 1029743 995242 849843
389,1082185 6534178 1127831 1126899 981760
390,1082185 6534178 995242 1029743 981760
392,1082185 6534178 1133018 981760 1029743
393,1082185 6534178 1029743 995242 1106523
394,1082185 6534178 1029743 1133018 1106523
395,1082185 6534178 1029743 995242 1053690
396,1082185 6534178 981760 1127831 1126899
397,1082185 6534178 1029743 995242 1126899
398,1082185 6534178 1029743 995242 981760
400,1082185 6534178 1029743 981760 883404
401,1082185 6534178 995242 981760 1029743
402,1082185 6534178 1029743 1106523 1005186
404,1082185 6534178 995242 904360 981760
405,1082185 6534178 995242 1029743 860776
406,1082185 6534178 1029743 995242 1127831
407,1082185 6534178 1029743 1127831 8090521
409,1082185 6534178 981760 1070820 862349
410,1082185 6534178 995242 1029743 981760
412,1082185 6534178 995242 1029743 1005186
413,1082185 6534178 1106523 986912 981760
414,1082185 6534178 1029743 1106523 981760
415,1082185 6534178 9526410 883404 864893
417,1082185 6534178 1029743 995242 981760
418,1082185 6534178 1029743 995242 981760
421,1082185 6534178 1029743 995242 981760
425,1082185 6534178 1029743 1106523 883404
426,1082185 6534178 1005186 908531 981760
427,1082185 6534178 1029743 995242 986912
429,1082185 6534178 995242 1029743 995785
430,1082185 6534178 1029743 995242 1106523
432,1082185 6534178 1029743 995242 883404
433,1082185 6534178 1106523 981760 951590
434,1082185 6534178 1029743 995242 981760
435,1082185 6534178 5569230 1053690 5569471
437,1082185 6534178 1029743 995242 1106523
438,1082185 6534178 1029743 951590 1133018
441,1082185 6534178 1029743 933835 860776
442,1082185 6534178 981760 995242 1029743
443,1082185 6534178 981760 1106523 1029743
447,1082185 6534178 1029743 995242 981760
449,1082185 6534178 1029743 995242 883404
450,1082185 6534178 995242 1029743 904360
451,1082185 6534178 1029743 981760 995242
454,1082185 6534178 1029743 995242 981760
457,1082185 6534178 1029743 995242 1106523
458,1082185 6534178 995242 849843 981760
459,1082185 6534178 995785 854852 986912
461,1082185 6534178 1029743 995242 981760
462,1082185 6534178 995242 1029743 908531
463,1082185 6534178 1106523 1029743 1133018
464,1082185 6534178 995242 1029743 981760
467,1082185 6534178 1029743 1106523 981760
468,1082185 6534178 1029743 1106523 883404
469,1082185 6534178 1029743 1127831 995242
470,1082185 6534178 995242 1029743 951590
471,1082185 981760 995242 1029743 840361
474,1082185 6534178 1029743 995242 981760
477,1082185 981760 995242 1029743 840361
479,1082185 6534178 1029743 1106523 1085604
480,1082185 6534178 1127831 840361 995785
482,1082185 981760 995242 1029743 840361
483,1082185 6534178 1106523 1029743 1133018
484,1082185 6534178 995242 1029743 1005186
485,1082185 6534178 1029743 995242 951590
489,1082185 6534178 981760 986912 1127831
491,1082185 6534178 1029743 1126899 904360
493,1082185 6534178 1029743 995242 981760
495,1082185 6534178 1029743 995242 1106523
497,1082185 6534178 1029743 995242 1070820
502,1082185 6534178 1029743 981760 1106523
503,1082185 6534178 1029743 1127831 1070820
506,1082185 6534178 995242 951590 1029743
507,1082185 6534178 1029743 951590 981760
508,1082185 6534178 1029743 883404 1133018
510,1082185 6534178 1029743 995242 1127831
511,1082185 6534178 1029743 995242 981760
513,1082185 6534178 981760 995242 844179
514,1082185 6534178 1127831 1005186 995785
515,1082185 6534178 1029743 1106523 995242
517,1082185 6534178 981760 995242 1126899
518,1082185 6534178 995242 1029743 1106523
520,1082185 6534178 1029743 1106523 981760
521,1082185 6534178 1029743 1106523 1127831
523,1082185 6534178 995242 1029743 1005186
524,1082185 6534178 1029743 1133018 995242
525,1082185 6534178 981760 1127831 904360
526,1082185 6534178 1029743 995242 5569230
527,1082185 6534178 1029743 933835 9526410
531,1082185 6534178 995242 1029743 981760
533,1082185 6534178 1029743 995242 1106523
534,1082185 6534178 995242 1005186 849843
537,1082185 6534178 981760 840361 1029743
538,1082185 6534178 981760 1070820 904360
539,1082185 6534178 1058997 826249 1098066
540,1082185 6534178 860776 995242 995785
542,1082185 6534178 1029743 1106523 995242
543,1082185 6534178 995242 844165 1029743
544,1082185 6534178 1127831 1029743 1085604
545,1082185 6534178 1005186 995242 981760
547,1082185 6534178 1029743 1106523 981760
548,1082185 6534178 995242 981760 1029743
550,1082185 981760 995242 1029743 840361
552,1082185 6534178 1029743 1106523 981760
553,1082185 6534178 1029743 995242 981760
554,1082185 6534178 1106523 1098066 1029743
558,1082185 6534178 1106523 1029743 981760
560,1082185 6534178 1029743 995242 981760
562,1082185 6534178 1029743 995242 981760
563,1082185 6534178 1029743 995242 981760
564,1082185 6534178 1029743 995242 981760
566,1082185 981760 995242 1029743 840361
567,1082185 6534178 1029743 1133018 1106523
568,1082185 6534178 1029743 1106523 995242
569,1082185 6534178 1029743 1127831 995242
570,1082185 981760 995242 1029743 840361
574,1082185 6534178 1029743 995242 951590
575,1082185 6534178 1029743 1106523 862349
576,1082185 6534178 1029743 995242 981760
577,1082185 6534178 1029743 951590 995242
578,1082185 6534178 995242 1127831 1098066
579,1082185 6534178 995242 916122 1005186
580,1082185 6534178 995242 981760 1029743
582,1082185 6534178 1029743 995242 5569230
583,1082185 6534178 1029743 995242 1053690
586,1082185 6534178 1029743 995242 1106523
587,1082185 6534178 1106523 1133018 951590
588,1082185 6534178 1029743 1106523 951590
590,1082185 6534178 1106523 1029743 981760
593,1082185 6534178 1106523 1133018 1065593
594,1082185 6534178 1029743 1106523 995242
595,1082185 6534178 1029743 1106523 883404
596,1082185 6534178 1106523 951590 904360
598,1082185 6534178 981760 1029743 1106523
600,1082185 6534178 1029743 995242 5569230
602,1082185 6534178 1029743 904360 1098066
603,1082185 6534178 1029743 1106523 995242
604,1082185 6534178 862349 1029743 1127831
605,1082185 6534178 1029743 1106523 1058997
606,1082185 6534178 1029743 995242 840361
608,1082185 6534178 1106523 1029743 981760
610,1082185 981760 995242 1029743 840361
611,1082185 6534178 1029743 1098066 908531
612,1082185 6534178 1029743 995242 981760
613,1082185 981760 995242 1029743 840361
614,1082185 6534178 1029743 995242 840361
615,1082185 6534178 995242 866227 1029743
617,1082185 6534178 981760 904360 860776
621,1082185 6534178 981760 1081177 1133018
622,1082185 6534178 1106523 1029743 883404
624,1082185 6534178 1029743 1106523 1133018
630,1082185 6534178 981760 1029743 862349
631,1082185 6534178 995242 981760 1029743
632,1082185 6534178 1029743 995242 981760
633,1082185 6534178 1029743 995242 1106523
636,1082185 6534178 1029743 1106523 995242
637,1082185 6534178 1029743 1106523 981760
638,1082185 6534178 1029743 995242 981760
640,1082185 981760 995242 1029743 840361
641,1082185 6534178 1029743 981760 1126899
643,1082185 6534178 1029743 995242 981760
644,1082185 6534178 995242 1029743 826249
647,1082185 6534178 1029743 951590 995242
648,1082185 6534178 995785 1081177 1119051
650,1082185 6534178 1082185 6534178 1029743
652,1082185 6534178 995242 883404 981760
653,1082185 6534178 1029743 995242 981760
654,1082185 6534178 995242 1029743 1005186
655,1082185 6534178 995242 1029743 981760
658,1082185 6534178 1029743 995242 981760
660,1082185 6534178 1029743 981760 995242
661,1082185 6534178 995242 1029743 981760
662,1082185 6534178 1029743 995242 883404
663,1082185 6534178 1029743 995242 1106523
665,1082185 6534178 1029743 995242 981760
666,1082185 6534178 1106523 1133018 995242
667,1082185 6534178 995242 981760 1133018
669,1082185 6534178 981760 1126899 1127831
670,1082185 6534178 1029743 995242 981760
671,1082185 6534178 1029743 995242 951590
672,1082185 6534178 1029743 995242 981760
673,1082185 6534178 1029743 1106523 951590
674,1082185 6534178 1029743 995242 981760
675,1082185 6534178 981760 1029743 1106523
676,1082185 6534178 1029743 1106523 981760
680,1082185 6534178 995242 1029743 981760
681,1082185 6534178 1029743 995242 951590
684,1082185 6534178 1106523 995242 1029743
685,1082185 6534178 1029743 981760 1106523
687,1082185 6534178 1029743 995242 951590
690,1082185 6534178 1029743 981760 883404
691,1082185 6534178 1029743 981760 995242
692,1082185 6534178 840361 862349 904360
693,1082185 6534178 1029743 995242 981760
694,1082185 6534178 1029743 883404 826249
695,1082185 6534178 1029743 981760 995242
696,1082185 6534178 1029743 1126899 1127831
697,1082185 6534178 860776 1070820 981760
698,1082185 6534178 1029743 981760 1106523
699,1082185 6534178 1029743 995242 981760
700,1082185 6534178 1029743 1106523 904360
701,1082185 6534178 981760 995242 1106523
702,1082185 6534178 1029743 995242 981760
703,1082185 6534178 995242 981760 5569230
705,1082185 6534178 995242 1029743 1106523
706,1082185 6534178 1029743 995242 981760
707,1082185 6534178 1029743 1127831 923746
708,1082185 6534178 1029743 995242 981760
709,1082185 6534178 1029743 995242 1106523
710,1082185 6534178 1029743 1106523 981760
712,1082185 6534178 981760 1070820 1029743
713,1082185 6534178 1029743 1127831 1005186
714,1082185 6534178 1029743 995242 1106523
715,1082185 6534178 995242 981760 1029743
716,1082185 6534178 1127831 1058997 826249
718,1082185 6534178 1029743 995242 981760
719,1082185 6534178 1106523 1133018 849843
720,1082185 6534178 981760 840361 854852
722,1082185 6534178 1133018 1106523 981760
723,1082185 6534178 981760 862349 860776
725,1082185 6534178 1029743 1106523 883404
726,1082185 6534178 995242 1029743 981760
727,1082185 6534178 1029743 1106523 981760
728,1082185 6534178 1029743 995242 981760
730,1082185 6534178 1058997 1126899 909894
731,1082185 6534178 1029743 995242 981760
733,1082185 6534178 1029743 995242 1106523
734,1082185 6534178 995242 1029743 981760
735,1082185 6534178 1106523 981760 904360
736,1082185 6534178 1029743 904360 951590
740,1082185 6534178 995242 1029743 981760
741,1082185 6534178 995242 840361 1127831
742,1082185 6534178 1106523 1029743 1133018
743,1082185 6534178 1029743 1106523 995242
744,1082185 6534178 1029743 995242 862349
745,1082185 6534178 1029743 854852 1127831
748,1082185 6534178 1106523 1029743 1133018
750,1082185 6534178 883404 1106523 1029743
752,1082185 6534178 981760 1106523 1029743
753,1082185 6534178 1029743 995242 981760
754,1082185 6534178 1127831 1058997 904360
755,1082185 6534178 1005186 981760 862349
757,1082185 6534178 1029743 883404 826249
759,1082185 6534178 986912 1005186 860776
761,1082185 6534178 1029743 995242 1106523
762,1082185 6534178 1029743 1005186 995242
764,1082185 6534178 995242 1029743 981760
766,1082185 6534178 1127831 981760 995242
767,1082185 6534178 995242 862349 840361
768,1082185 6534178 1029743 995242 981760
769,1082185 6534178 1029743 1106523 981760
770,1082185 6534178 1029743 995242 5569230
771,1082185 6534178 1029743 995242 981760
773,1082185 6534178 995785 1127831 904360
776,1082185 6534178 1029743 1106523 995242
777,1082185 6534178 1029743 1070820 866211
779,1082185 6534178 995242 981760 1029743
781,1082185 6534178 995242 1127831 860776
784,1082185 6534178 1029743 5569230 995242
786,1082185 6534178 981760 1106523 1029743
787,1082185 6534178 862349 5569230 1029743
788,1082185 6534178 1029743 1106523 981760
789,1082185 6534178 995242 981760 883404
790,1082185 6534178 1029743 951590 5569230
794,1082185 6534178 995242 1029743 981760
795,1082185 981760 995242 1029743 840361
798,1082185 6534178 981760 1005186 1058997
799,1082185 6534178 1058997 1126899 981760
800,1082185 6534178 1029743 995242 981760
801,1082185 6534178 1029743 981760 995242
802,1082185 6534178 908531 1005186 1106523
803,1082185 6534178 1106523 1029743 981760
804,1082185 6534178 1029743 995242 883404
805,1082185 6534178 1029743 995242 981760
806,1082185 6534178 1029743 981760 904360
807,1082185 6534178 1029743 995242 981760
808,1082185 6534178 1029743 995242 883404
810,1082185 6534178 1133018 860776 1024306
813,1082185 6534178 860776 1127831 1133018
814,1082185 6534178 883404 1029743 826249
816,1082185 6534178 995242 1029743 883404
817,1082185 6534178 981760 1070820 1106523
820,1082185 6534178 1029743 1106523 995242
822,1082185 981760 995242 1029743 840361
823,1082185 6534178 1106523 981760 1029743
824,1082185 6534178 1106523 981760 1029743
825,1082185 6534178 981760 1127831 1058997
826,1082185 6534178 995242 951590 6533765
829,1082185 6534178 995242 981760 951590
830,1082185 6534178 1029743 1133018 1106523
831,1082185 6534178 995242 1029743 951590
836,1082185 6534178 1029743 951590 1005186
837,1082185 6534178 1126899 1127831 854852
840,1082185 6534178 1029743 981760 995242
841,1082185 6534178 1106523 1029743 1133018
842,1082185 6534178 1029743 995242 1005186
844,1082185 6534178 995242 1127831 904360
845,1082185 6534178 995242 1058997 1029743
846,1082185 6534178 1029743 995242 1133018
847,1082185 6534178 995242 840361 1127831
848,1082185 6534178 1029743 1044078 1070820
850,1082185 6534178 995242 981760 1106523
852,1082185 6534178 1106523 1127831 1126899
853,1082185 6534178 1029743 916122 1126899
854,1082185 6534178 1029743 1005186 883404
855,1082185 6534178 1029743 995242 1127831
856,1082185 6534178 1029743 995242 981760
857,1082185 6534178 995242 1029743 981760
858,1082185 6534178 1070820 1098066 1127831
859,1082185 6534178 995242 1029743 5569230
861,1082185 981760 995242 1029743 840361
862,1082185 6534178 1029743 981760 1106523
863,1082185 6534178 1029743 995242 981760
864,1082185 6534178 1029743 981760 883404
865,1082185 6534178 1106523 1029743 951590
866,1082185 6534178 1106523 1029743 981760
867,1082185 6534178 1106523 1029743 908531
868,1082185 6534178 1029743 995242 981760
869,1082185 6534178 1029743 981760 1133018
871,1082185 6534178 1029743 995242 1098066
875,1082185 6534178 995242 1127831 1126899
876,1082185 6534178 826249 1029743 995242
877,1082185 6534178 981760 1126899 1127831
878,1082185 6534178 1029743 1106523 981760
879,1082185 6534178 981760 1029743 1127831
880,1082185 6534178 981760 866211 1127831
881,1082185 981760 995242 1029743 840361
882,1082185 6534178 1029743 995242 1106523
883,1082185 6534178 995242 1029743 995785
884,1082185 981760 995242 1029743 840361
885,1082185 6534178 1029743 1106523 951590
886,1082185 6534178 1029743 981760 995242
887,1082185 6534178 981760 1005186 1133018
888,1082185 6534178 1029743 1106523 883404
889,1082185 6534178 1029743 1127831 1070820
891,1082185 6534178 1029743 1106523 1133018
893,1082185 6534178 1029743 1106523 1133018
894,1082185 6534178 1029743 860776 1127831
895,1082185 6534178 995242 1029743 866211
897,1082185 6534178 1029743 883404 1070820
898,1082185 6534178 1029743 995242 1127831
900,1082185 6534178 1133018 995242 1029743
903,1082185 981760 995242 1029743 840361
904,1082185 6534178 1106523 1133018 995785
906,1082185 6534178 981760 1058997 995242
907,1082185 6534178 995242 981760 1106523
908,1082185 6534178 1029743 995242 1106523
909,1082185 6534178 1029743 995242 981760
911,1082185 6534178 981760 904360 860776
913,1082185 6534178 1029743 995242 981760
914,1082185 6534178 1029743 981760 1005186
915,1082185 6534178 981760 1133018 923746
916,1082185 6534178 1029743 1106523 981760
919,1082185 6534178 1029743 995242 1106523
920,1082185 6534178 1106523 1133018 1029743
922,1082185 6534178 1058997 995242 1127831
924,1082185 6534178 1029743 995242 951590
926,1082185 6534178 981760 904360 1127831
927,1082185 6534178 981760 995242 1058997
928,1082185 6534178 1029743 995242 981760
929,1082185 6534178 995242 1029743 981760
931,1082185 6534178 1029743 995242 951590
934,1082185 6534178 1029743 995242 1133018
936,1082185 6534178 1029743 995242 1106523
937,1082185 6534178 981760 904360 1126899
939,1082185 6534178 1029743 1106523 1133018
940,1082185 6534178 1029743 826249 995242
941,1082185 6534178 995242 1005186 1029743
943,1082185 6534178 1106523 1029743 1133018
944,1082185 6534178 1106523 1029743 995242
946,1082185 6534178 995242 1029743 1106523
947,1082185 6534178 995242 981760 1133018
949,1082185 6534178 1029743 995242 951590
951,1082185 6534178 1029743 981760 860776
952,1082185 6534178 1029743 995242 951590
953,1082185 6534178 1029743 995242 981760
954,1082185 6534178 1082185 6534178 1029743
955,1082185 6534178 1029743 1106523 981760
956,1082185 6534178 1029743 981760 1070820
957,1082185 6534178 1029743 1106523 995242
959,1082185 6534178 1106523 1127831 1133018
960,1082185 6534178 1126899 1070820 981760
961,1082185 6534178 1029743 995242 1070820
964,1082185 6534178 1029743 1106523 883404
965,1082185 6534178 1029743 1106523 883404
968,1082185 6534178 1029743 995242 981760
969,1082185 6534178 1029743 5569230 995242
971,1082185 6534178 1029743 995242 981760
972,1082185 6534178 862349 923746 916122
973,1082185 6534178 1127831 1029743 995785
975,1082185 6534178 5569471 1029743 916122
976,1082185 6534178 1029743 981760 1127831
978,1082185 6534178 1127831 951590 1106523
979,1082185 6534178 1029743 995242 1106523
981,1082185 6534178 995242 1029743 1127831
982,1082185 6534178 1029743 995242 1106523
983,1082185 6534178 1029743 995242 981760
984,1082185 6534178 1029743 995242 1106523
985,1082185 6534178 1029743 995242 981760
986,1082185 6534178 1029743 995242 981760
988,1082185 6534178 1029743 981760 1106523
989,1082185 6534178 1029743 995242 1106523
992,1082185 6534178 1005186 854852 834484
993,1082185 6534178 995242 981760 860776
996,1082185 6534178 1133018 981760 1029743
998,1082185 6534178 1029743 1106523 995242
999,1082185 6534178 1029743 995242 1106523
1000,1082185 6534178 995242 1133018 1005186
1001,1082185 6534178 995242 1029743 981760
1003,1082185 6534178 1029743 995242 1133018
1004,1082185 6534178 995242 1029743 981760
1005,1082185 6534178 995242 883404 981760
1007,1082185 6534178 1029743 995242 1133018
1010,1082185 6534178 1029743 995242 862349
1011,1082185 6534178 1029743 916122 995785
1012,1082185 6534178 1005186 1029743 981760
1015,1082185 6534178 995242 1029743 840361
1018,1082185 6534178 995242 1029743 951590
1019,1082185 6534178 1029743 1106523 981760
1020,1082185 6534178 1029743 981760 995242
1021,1082185 6534178 1029743 981760 849843
1023,1082185 6534178 1127831 981760 1029743
1024,1082185 6534178 1029743 1106523 981760
1025,1082185 6534178 1029743 1106523 995242
1027,1082185 6534178 981760 995242 904360
1029,1082185 6534178 1126899 981760 1127831
1030,1082185 981760 995242 1029743 840361
1034,1082185 981760 995242 1029743 840361
1039,1082185 6534178 1029743 951590 981760
1040,1082185 6534178 1126899 826249 1127831
1041,1082185 6534178 1029743 1106523 981760
1042,1082185 6534178 1029743 995242 862349
1043,1082185 981760 995242 1029743 840361
1045,1082185 6534178 1029743 995242 981760
1046,1082185 6534178 1005186 1126899 1127831
1050,1082185 6534178 1106523 1029743 995242
1051,1082185 6534178 1029743 1085604 1106523
1053,1082185 6534178 1005186 1127831 834484
1057,1082185 6534178 1005186 1106523 1029743
1058,1082185 6534178 1029743 1106523 1005186
1061,1082185 6534178 1029743 1106523 981760
1062,1082185 6534178 1029743 995242 826249
1064,1082185 6534178 1029743 904360 862349
1066,1082185 6534178 995242 1029743 981760
1067,1082185 6534178 1029743 995242 981760
1068,1082185 6534178 1029743 1106523 1133018
1069,1082185 6534178 995242 1029743 908531
1070,1082185 6534178 1029743 995242 981760
1071,1082185 6534178 1029743 995242 1133018
1073,1082185 6534178 995242 1058997 1029743
1074,1082185 6534178 1029743 995242 981760
1075,1082185 6534178 1029743 995242 1106523
1076,1082185 6534178 1029743 1106523 981760
1077,1082185 6534178 995242 951590 981760
1078,1082185 6534178 1106523 1133018 1126899
1080,1082185 6534178 1029743 1106523 995242
1081,1082185 6534178 995242 981760 1029743
1082,1082185 6534178 1106523 1133018 1029743
1083,1082185 6534178 1029743 981760 995242
1084,1082185 6534178 981760 1029743 995242
1085,1082185 6534178 1029743 995242 1106523
1086,1082185 6534178 981760 995242 1029743
1088,1082185 6534178 1106523 1029743 995242
1089,1082185 6534178 1029743 883404 826249
1090,1082185 6534178 1106523 1127831 904360
1092,1082185 6534178 1029743 883404 981760
1093,1082185 6534178 1029743 995242 1106523
1094,1082185 6534178 1029743 981760 995242
1097,1082185 6534178 1029743 1106523 981760
1098,1082185 6534178 1029743 904360 908531
1102,1082185 6534178 1029743 995242 981760
1103,1082185 6534178 1029743 1126899 5569230
1104,1082185 6534178 995242 1029743 904360
1105,1082185 981760 995242 1029743 840361
1106,1082185 6534178 883404 1029743 904360
1108,1082185 6534178 995242 1029743 1133018
1109,1082185 6534178 1029743 995242 981760
1110,1082185 6534178 1029743 995242 981760
1111,1082185 6534178 1029743 1106523 981760
1112,1082185 6534178 995242 1029743 995785
1113,1082185 6534178 995242 1127831 1133018
1114,1082185 6534178 1029743 981760 883404
1117,1082185 6534178 1106523 1029743 995242
1119,1082185 6534178 995242 1029743 981760
1120,1082185 6534178 1029743 995242 981760
1121,1082185 6534178 1029743 995242 981760
1123,1082185 6534178 981760 904360 1029743
1124,1082185 6534178 1029743 995242 1106523
1128,1082185 6534178 1106523 1029743 981760
1129,1082185 6534178 1029743 995242 995785
1130,1082185 6534178 1029743 995242 1106523
1131,1082185 6534178 1029743 995242 981760
1132,1082185 6534178 1029743 981760 1106523
1133,1082185 6534178 1029743 1106523 981760
1134,1082185 6534178 1106523 1029743 1127831
1135,1082185 6534178 1029743 995242 981760
1136,1082185 6534178 1029743 995242 1106523
1137,1082185 6534178 995242 1029743 981760
1138,1082185 6534178 1106523 1029743 1053690
1139,1082185 6534178 862349 995242 981760
1141,1082185 6534178 1029743 995242 883404
1142,1082185 6534178 995242 1029743 981760
1145,1082185 6534178 1029743 1106523 981760
1146,1082185 6534178 1029743 995242 981760
1147,1082185 6534178 1029743 1106523 951590
1151,1082185 6534178 1106523 1029743 981760
1152,1082185 6534178 1029743 995242 1005186
1154,1082185 6534178 1106523 1029743 849843
1155,1082185 6534178 1029743 1133018 1106523
1158,1082185 6534178 1029743 1106523 1133018
1159,1082185 6534178 1029743 1106523 981760
1160,1082185 6534178 1029743 1106523 995242
1161,1082185 6534178 995242 1106523 981760
1163,1082185 6534178 1029743 995242 981760
1164,1082185 6534178 981760 1070820 1029743
1166,1082185 6534178 1029743 995242 883404
1167,1082185 6534178 1029743 1070820 883404
1168,1082185 6534178 1029743 995242 908531
1169,1082185 6534178 1029743 1106523 849843
1171,1082185 6534178 1029743 995242 981760
1172,1082185 6534178 1029743 995242 981760
1175,1082185 6534178 1127831 995785 854852
1176,1082185 981760 995242 1029743 840361
1178,1082185 6534178 995242 1029743 840361
1179,1082185 6534178 995242 1029743 981760
1180,1082185 6534178 1029743 995242 1106523
1182,1082185 6534178 1029743 1106523 840361
1183,1082185 981760 995242 1029743 840361
1185,1082185 6534178 1106523 1133018 883404
1186,1082185 6534178 1127831 1126899 1029743
1187,1082185 6534178 1106523 1029743 1133018
1188,1082185 6534178 1029743 995242 1133018
1189,1082185 6534178 1106523 981760 904360
1190,1082185 6534178 1029743 995242 883404
1191,1082185 6534178 995242 5569230 951590
1192,1082185 6534178 1133018 995242 1029743
1193,1082185 6534178 1029743 1106523 1133018
1194,1082185 6534178 995242 981760 1106523
1195,1082185 6534178 995242 1029743 981760
1196,1082185 6534178 1029743 1127831 1070820
1197,1082185 6534178 1029743 981760 951590
1198,1082185 6534178 981760 1058997 1024306
1202,1082185 6534178 981760 883404 1058997
1203,1082185 6534178 1106523 1029743 981760
1204,1082185 6534178 1029743 1106523 1133018
1205,1082185 6534178 1029743 995242 981760
1206,1082185 6534178 1029743 1106523 1133018
1207,1082185 6534178 995242 1133018 981760
1209,1082185 6534178 1127831 953539 1082185
1210,1082185 6534178 1070820 862349 883404
1211,1082185 6534178 981760 860776 1070820
1216,1082185 6534178 995242 1029743 981760
1217,1082185 6534178 1029743 995242 981760
1218,1082185 6534178 1029743 1127831 981760
1219,1082185 6534178 1029743 1098066 826249
1221,1082185 6534178 1029743 995242 1098066
1222,1082185 6534178 1029743 1106523 981760
1223,1082185 6534178 1029743 1106523 981760
1224,1082185 6534178 1029743 995242 904360
1225,1082185 6534178 1029743 1106523 883404
1226,1082185 6534178 1029743 995242 1106523
1227,1082185 6534178 1082185 6534178 1029743
1228,1082185 6534178 1106523 1005186 1029743
1229,1082185 6534178 1127831 981760 916122
1230,1082185 6534178 1029743 1106523 860776
1231,1082185 6534178 995242 1029743 904360
1234,1082185 6534178 995242 1029743 981760
1238,1082185 6534178 1029743 995242 904360
1240,1082185 6534178 981760 860776 1029743
1241,1082185 981760 995242 1029743 840361
1245,1082185 6534178 1029743 981760 995242
1246,1082185 6534178 1029743 1126899 908531
1247,1082185 6534178 1029743 995242 981760
1248,1082185 6534178 1106523 1029743 951590
1249,1082185 6534178 1106523 1133018 995785
1252,1082185 6534178 981760 923746 862349
1256,1082185 6534178 986912 1005186 854852
1257,1082185 6534178 1126899 1127831 981760
1258,1082185 6534178 904360 981760 1133018
1259,1082185 6534178 904360 883404 1058997
1260,1082185 6534178 1058997 1127831 840361
1261,1082185 6534178 1029743 883404 1127831
1262,1082185 981760 995242 1029743 840361
1263,1082185 6534178 1029743 995242 981760
1265,1082185 6534178 995242 1029743 1133018
1266,1082185 6534178 1133018 904360 995785
1267,1082185 6534178 1005186 862349 1029743
1269,1082185 6534178 1029743 1106523 981760
1270,1082185 6534178 1106523 1133018 1029743
1271,1082185 6534178 1029743 981760 995242
1272,1082185 6534178 1005186 904360 1127831
1274,1082185 6534178 995242 1029743 951590
1277,1082185 6534178 1106523 1029743 1133018
1278,1082185 981760 995242 1029743 840361
1279,1082185 6534178 1029743 981760 1106523
1280,1082185 981760 995242 1029743 840361
1281,1082185 6534178 1133018 1029743 1098066
1282,1082185 6534178 1029743 1106523 981760
1283,1082185 6534178 995242 995785 981760
1284,1082185 6534178 1029743 981760 951590
1285,1082185 6534178 1029743 1106523 981760
1287,1082185 6534178 1133018 862349 951590
1288,1082185 6534178 1029743 923746 981760
1289,1082185 6534178 1029743 995242 1085604
1290,1082185 6534178 1029743 981760 1133018
1291,1082185 6534178 981760 1106523 1029743
1293,1082185 6534178 1029743 1106523 981760
1294,1082185 6534178 1029743 1126899 981760
1296,1082185 6534178 995242 1029743 1005186
1297,1082185 6534178 1106523 1127831 995785
1298,1082185 6534178 1029743 995242 883404
1299,1082185 6534178 1029743 995242 1106523
1300,1082185 6534178 1106523 1029743 1133018
1303,1082185 6534178 1029743 951590 840361
1304,1082185 6534178 1029743 1106523 1133018
1305,1082185 6534178 1029743 1106523 995242
1306,1082185 6534178 1029743 995242 1106523
1307,1082185 6534178 1127831 1005186 995242
1310,1082185 6534178 995242 1029743 1133018
1312,1082185 6534178 1029743 995242 883404
1313,1082185 6534178 995242 1029743 981760
1314,1082185 6534178 1029743 995242 923746
1316,1082185 6534178 1029743 995242 981760
1317,1082185 6534178 1029743 995242 981760
1318,1082185 6534178 995242 981760 1005186
1319,1082185 6534178 995242 1029743 1127831
1321,1082185 6534178 1106523 1029743 883404
1325,1082185 6534178 1127831 1098066 826249
1326,1082185 6534178 1029743 995242 981760
1328,1082185 6534178 1029743 995242 981760
1330,1082185 6534178 1029743 1106523 1133018
1332,1082185 6534178 995242 981760 1029743
1333,1082185 6534178 1029743 1126899 951590
1334,1082185 6534178 995242 883404 1029743
1335,1082185 6534178 995242 862349 904360
1336,1082185 6534178 1029743 995242 981760
1337,1082185 6534178 1029743 995242 981760
1338,1082185 6534178 1106523 1133018 1029743
1340,1082185 6534178 995242 849843 840361
1343,1082185 981760 995242 1029743 840361
1344,1082185 6534178 1029743 981760 995242
1346,1082185 6534178 1127831 866211 866227
1347,1082185 6534178 1029743 995242 951590
1350,1082185 6534178 1029743 981760 1106523
1352,1082185 6534178 995242 1127831 981760
1353,1082185 6534178 1029743 995242 981760
1354,1082185 6534178 995242 1029743 1005186
1355,1082185 6534178 981760 1056509 1133018
1356,1082185 6534178 981760 862349 1070820
1358,1082185 6534178 1029743 995242 1106523
1359,1082185 6534178 1029743 995242 981760
1360,1082185 981760 995242 1029743 840361
1361,1082185 981760 995242 1029743 840361
1362,1082185 6534178 1127831 1024306 1029743
1363,1082185 6534178 1029743 995242 981760
1364,1082185 6534178 1029743 995242 1005186
1366,1082185 6534178 995242 1029743 981760
1367,1082185 6534178 1029743 981760 995242
1368,1082185 6534178 1029743 981760 916122
1369,1082185 6534178 981760 1127831 1126899
1370,1082185 6534178 1106523 981760 1029743
1373,1082185 6534178 5569230 904360 5569471
1374,1082185 6534178 1106523 1133018 1029743
1375,1082185 6534178 1029743 1106523 981760
1376,1082185 6534178 1029743 995242 883404
1378,1082185 6534178 995242 981760 1127831
1379,1082185 6534178 1029743 995242 981760
1380,1082185 6534178 1029743 995242 1106523
1381,1082185 6534178 1106523 1133018 981760
1383,1082185 6534178 995785 826249 860776
1384,1082185 6534178 1029743 995242 981760
1385,1082185 6534178 1029743 1106523 981760
1387,1082185 6534178 995242 1053690 916122
1388,1082185 6534178 995242 1029743 1098066
1389,1082185 6534178 981760 1058997 1029743
1390,1082185 6534178 1029743 995242 981760
1391,1082185 6534178 981760 904360 1106523
1393,1082185 6534178 1058997 1127831 826249
1394,1082185 6534178 981760 862349 860776
1395,1082185 6534178 951590 1126899 904360
1397,1082185 6534178 1106523 1029743 883404
1398,1082185 6534178 995242 1058997 986912
1399,1082185 6534178 995242 1029743 1127831
1401,1082185 6534178 1058997 908531 1029743
1403,1082185 981760 995242 1029743 840361
1405,1082185 6534178 1029743 995242 1106523
1406,1082185 6534178 1029743 995242 883404
1409,1082185 6534178 995242 1133018 1029743
1410,1082185 6534178 1029743 995242 981760
1412,1082185 6534178 1029743 981760 916122
1413,1082185 6534178 1029743 1070015 995242
1414,1082185 6534178 840361 1126899 849843
1417,1082185 6534178 1106523 1029743 1133018
1418,1082185 6534178 995242 1029743 862349
1419,1082185 6534178 1106523 1029743 1133018
1421,1082185 6534178 1029743 995242 981760
1425,1082185 6534178 1029743 995242 951590
1426,1082185 6534178 1029743 1133018 1106523
1427,1082185 6534178 1029743 995242 981760
1428,1082185 6534178 1029743 995242 981760
1429,1082185 6534178 1058997 1126899 981760
1430,1082185 6534178 1029743 981760 995242
1431,1082185 6534178 1029743 5569230 995785
1434,1082185 6534178 995242 1029743 981760
1437,1082185 6534178 1029743 995242 981760
1440,1082185 6534178 1029743 1106523 1133018
1443,1082185 6534178 849843 1133018 883404
1445,1082185 6534178 1029743 995242 1127831
1447,1082185 6534178 1029743 826249 1098066
1450,1082185 6534178 1029743 995242 849843
1451,1082185 6534178 1029743 995242 1127831
1453,1082185 6534178 1029743 995242 1005186
1454,1082185 6534178 1029743 995242 1127831
1457,1082185 6534178 1106523 1029743 981760
1458,1082185 6534178 981760 1029743 1106523
1459,1082185 6534178 1029743 995242 1106523
1461,1082185 6534178 1029743 995242 981760
1462,1082185 6534178 995242 1029743 1127831
1463,1082185 6534178 1029743 995242 981760
1464,1082185 6534178 1029743 995242 981760
1465,1082185 6534178 854852 916122 904360
1467,1082185 6534178 1029743 1085604 1005186
1470,1082185 6534178 1029743 995242 981760
1471,1082185 6534178 883404 826249 1098066
1473,1082185 6534178 1126899 1029743 866211
1474,1082185 6534178 1029743 1106523 1133018
1475,1082185 6534178 981760 1029743 883404
1476,1082185 6534178 995242 1058997 862349
1479,1082185 6534178 1029743 995242 1106523
1481,1082185 6534178 995242 1029743 981760
1483,1082185 6534178 1029743 1106523 995242
1484,1082185 6534178 1127831 1029743 1058997
1485,1082185 6534178 1106523 1029743 883404
1487,1082185 6534178 1029743 995242 883404
1488,1082185 6534178 1029743 995242 981760
1489,1082185 6534178 1029743 995242 883404
1490,1082185 6534178 995242 981760 1029743
1491,1082185 6534178 1029743 981760 951590
1492,1082185 6534178 995242 1029743 981760
1494,1082185 6534178 995242 1029743 981760
1495,1082185 6534178 981760 995242 986912
1499,1082185 6534178 981760 995242 1029743
1500,1082185 6534178 1029743 981760 951590
1501,1082185 6534178 1070820 860776 995785
1502,1082185 6534178 1070820 1098066 826249
1506,1082185 6534178 1029743 981760 1044078
1507,1082185 6534178 1106523 904360 826249
1508,1082185 6534178 981760 1058997 1126899
1509,1082185 6534178 1029743 1005186 840361
1510,1082185 6534178 986912 1005186 1133018
1511,1082185 6534178 1029743 1106523 1133018
1512,1082185 6534178 1029743 995242 981760
1513,1082185 6534178 1029743 995242 904360
1514,1082185 6534178 1126899 981760 1029743
1515,1082185 6534178 1029743 995242 981760
1517,1082185 6534178 1029743 981760 908531
1518,1082185 6534178 1029743 1106523 883404
1519,1082185 6534178 981760 5569230 1070820
1521,1082185 981760 995242 1029743 840361
1523,1082185 981760 995242 1029743 840361
1524,1082185 6534178 1126899 840361 860776
1525,1082185 6534178 1029743 995242 849843
1526,1082185 6534178 995242 1133018 844165
1527,1082185 6534178 1029743 1106523 951590
1528,1082185 6534178 1029743 995242 981760
1529,1082185 6534178 1029743 1106523 981760
1530,1082185 6534178 1058997 1127831 1081177
1531,1082185 6534178 995242 981760 1058997
1532,1082185 6534178 995242 5569471 894236
1533,1082185 6534178 904360 1070820 1081177
1534,1082185 6534178 1005186 981760 1070820
1535,1082185 6534178 1029743 1106523 981760
1536,1082185 6534178 1029743 995242 981760
1537,1082185 6534178 1029743 1106523 995242
1540,1082185 6534178 1029743 1106523 1133018
1541,1082185 6534178 1029743 995242 981760
1542,1082185 6534178 1029743 995242 1133018
1543,1082185 6534178 1029743 995242 981760
1545,1082185 6534178 1106523 1029743 1133018
1546,1082185 6534178 1029743 995242 981760
1547,1082185 6534178 995242 981760 904360
1548,1082185 6534178 1029743 995242 904360
1549,1082185 6534178 981760 1106523 1029743
1550,1082185 6534178 1106523 1029743 1133018
1552,1082185 6534178 1029743 951590 826249
1553,1082185 6534178 995785 849843 1029743
1556,1082185 6534178 995242 1029743 904360
1557,1082185 6534178 1106523 1127831 995242
1558,1082185 6534178 1029743 995242 981760
1559,1082185 6534178 1106523 1029743 951590
1560,1082185 6534178 1029743 995242 883404
1563,1082185 6534178 1029743 995242 981760
1566,1082185 6534178 1029743 995242 981760
1567,1082185 6534178 1133018 981760 1106523
1568,1082185 6534178 981760 1133018 883404
1569,1082185 981760 995242 1029743 840361
1571,1082185 6534178 981760 995785 860776
1572,1082185 6534178 1126899 826249 995785
1575,1082185 6534178 1127831 995242 862349
1576,1082185 6534178 1029743 995242 981760
1577,1082185 6534178 1029743 995242 883404
1578,1082185 6534178 1029743 995242 981760
1579,1082185 6534178 1029743 995242 981760
1580,1082185 6534178 1029743 995242 1005186
1581,1082185 6534178 1029743 981760 849843
1584,1082185 6534178 1029743 1106523 981760
1585,1082185 6534178 1126899 995242 1029743
1587,1082185 6534178 1029743 1085604 995242
1588,1082185 6534178 908531 1029743 981760
1590,1082185 6534178 1029743 904360 1127831
1591,1082185 6534178 1029743 995785 981760
1592,1082185 6534178 995242 1005186 1058997
1593,1082185 6534178 1029743 995242 840361
1594,1082185 6534178 1106523 1029743 883404
1595,1082185 6534178 995242 1029743 981760
1596,1082185 6534178 995242 1029743 951590
1598,1082185 6534178 1029743 995242 981760
1599,1082185 6534178 1029743 1106523 981760
1600,1082185 6534178 1106523 1133018 995242
1602,1082185 6534178 1029743 995242 860776
1604,1082185 6534178 832678 986912 883404
1607,1082185 6534178 5569230 1029743 1053690
1608,1082185 981760 995242 1029743 840361
1609,1082185 6534178 1029743 1127831 951590
1611,1082185 6534178 1029743 986912 1026118
1612,1082185 6534178 1029743 995242 1127831
1614,1082185 6534178 1106523 981760 923746
1618,1082185 6534178 981760 995242 1127831
1619,1082185 6534178 981760 1127831 1133018
1620,1082185 6534178 1106523 1029743 1133018
1621,1082185 6534178 1029743 1106523 995242
1622,1082185 6534178 1029743 995242 981760
1623,1082185 6534178 1029743 1106523 981760
1624,1082185 6534178 5569230 986912 981760
1627,1082185 6534178 1029743 860776 1133018
1628,1082185 981760 995242 1029743 840361
1630,1082185 6534178 1106523 981760 1029743
1631,1082185 6534178 1029743 995242 883404
1633,1082185 6534178 1029743 995242 981760
1634,1082185 6534178 1029743 995242 883404
1636,1082185 981760 995242 1029743 840361
1637,1082185 6534178 1126899 1080414 981760
1638,1082185 6534178 981760 1058997 1127831
1640,1082185 6534178 1106523 1029743 981760
1641,1082185 981760 995242 1029743 840361
1642,1082185 6534178 1029743 995242 1106523
1643,1082185 6534178 1029743 1106523 923746
1645,1082185 981760 995242 1029743 840361
1648,1082185 6534178 1106523 1029743 981760
1649,1082185 6534178 1133018 995785 904360
1650,1082185 6534178 981760 860776 904360
1651,1082185 6534178 981760 840361 1127831
1652,1082185 6534178 1029743 951590 826249
1653,1082185 6534178 1029743 995242 981760
1657,1082185 6534178 1106523 1133018 995242
1658,1082185 6534178 981760 1029743 995242
1659,1082185 6534178 1029743 995242 1106523
1660,1082185 6534178 1029743 1106523 995242
1662,1082185 6534178 1127831 981760 1126899
1663,1082185 6534178 981760 1070820 1127831
1664,1082185 6534178 1029743 981760 883404
1665,1082185 6534178 1029743 995242 1106523
1668,1082185 6534178 1106523 1133018 904360
1669,1082185 6534178 1126899 981760 1082185
1673,1082185 6534178 1029743 1106523 995242
1676,1082185 6534178 1029743 1127831 854852
1677,1082185 6534178 1029743 995242 981760
1680,1082185 6534178 1029743 981760 1058997
1683,1082185 6534178 981760 5569471 840361
1684,1082185 6534178 1106523 1029743 981760
1685,1082185 6534178 995242 1029743 1106523
1686,1082185 6534178 1029743 1106523 995242
1687,1082185 6534178 981760 1126899 826249
1692,1082185 6534178 1029743 995242 981760
1693,1082185 6534178 1029743 883404 1126899
1694,1082185 6534178 1029743 951590 981760
1696,1082185 6534178 1029743 860776 995242
1697,1082185 6534178 1029743 995242 904360
1698,1082185 6534178 1029743 904360 981760
1699,1082185 6534178 1106523 1133018 951590
1700,1082185 6534178 1029743 1106523 995242
1701,1082185 981760 995242 1029743 840361
1703,1082185 6534178 1106523 1029743 981760
1704,1082185 6534178 981760 1005186 923746
1705,1082185 6534178 995242 1029743 981760
1706,1082185 6534178 1106523 883404 1098066
1707,1082185 6534178 1029743 995242 1085604
1708,1082185 6534178 1029743 995242 981760
1709,1082185 6534178 995242 1029743 908531
1710,1082185 6534178 1029743 995242 1106523
1712,1082185 6534178 1029743 1106523 840361
1716,1082185 6534178 1029743 995242 1085604
1717,1082185 6534178 1029743 995242 904360
1718,1082185 6534178 1029743 995242 1106523
1719,1082185 6534178 1029743 1106523 1070820
1720,1082185 6534178 1029743 995242 951590
1722,1082185 6534178 904360 981760 1126899
1723,1082185 6534178 981760 1133018 1106523
1724,1082185 6534178 1106523 1127831 1126899
1726,1082185 6534178 1029743 1127831 995242
1729,1082185 6534178 1029743 995242 981760
1731,1082185 6534178 1029743 1106523 1126899
1732,1082185 6534178 1029743 1106523 995242
1733,1082185 6534178 1133018 1044078 995785
1735,1082185 6534178 995242 981760 1029743
1737,1082185 6534178 1058997 840361 849843
1738,1082185 6534178 1133018 981760 1106523
1739,1082185 6534178 1029743 1106523 1133018
1740,1082185 6534178 1127831 995242 1005186
1742,1082185 6534178 826249 1098066 1029743
1743,1082185 6534178 1029743 995242 1106523
1745,1082185 6534178 1106523 1029743 923746
1747,1082185 6534178 1106523 1029743 904360
1748,1082185 6534178 1106523 1029743 1133018
1749,1082185 6534178 1029743 995242 862349
1750,1082185 981760 995242 1029743 840361
1751,1082185 6534178 1029743 995242 1070820
1752,1082185 6534178 1029743 1106523 981760
1753,1082185 6534178 1029743 1106523 1133018
1754,1082185 6534178 1029743 995242 981760
1755,1082185 6534178 1029743 951590 1127831
1756,1082185 981760 995242 1029743 840361
1758,1082185 6534178 1029743 1126899 1058997
1759,1082185 6534178 1029743 883404 1126899
1761,1082185 6534178 1133018 981760 1106523
1762,1082185 6534178 1029743 995242 883404
1763,1082185 6534178 1106523 981760 904360
1764,1082185 6534178 981760 1127831 1126899
1765,1082185 6534178 1029743 995242 951590
1766,1082185 6534178 1005186 1133018 883404
1767,1082185 6534178 1029743 1106523 995242
1768,1082185 6534178 981760 904360 840361
1769,1082185 6534178 981760 1029743 995242
1770,1082185 6534178 995242 1029743 904360
1773,1082185 6534178 995242 840361 860776
1774,1082185 6534178 1029743 995242 1106523
1775,1082185 6534178 1029743 1126899 1005186
1776,1082185 6534178 1029743 995242 981760
1779,1082185 6534178 995242 908531 1029743
1780,1082185 6534178 1106523 981760 1029743
1781,1082185 6534178 1029743 1127831 995242
1783,1082185 6534178 1029743 995242 981760
1784,1082185 6534178 981760 1127831 1029743
1785,1082185 6534178 1029743 1127831 908531
1787,1082185 981760 995242 1029743 840361
1788,1082185 6534178 995242 1029743 995785
1790,1082185 6534178 951590 1029743 981760
1791,1082185 6534178 995242 1029743 981760
1792,1082185 6534178 1029743 1106523 1133018
1793,1082185 981760 995242 1029743 840361
1794,1082185 6534178 1029743 995242 1106523
1795,1082185 6534178 1029743 995242 862349
1796,1082185 6534178 1029743 1106523 995242
1797,1082185 6534178 981760 862349 904360
1798,1082185 6534178 1029743 995242 1106523
1800,1082185 6534178 908531 981760 1058997
1801,1082185 6534178 995242 826249 1029743
1802,1082185 6534178 1029743 1127831 923746
1803,1082185 6534178 1029743 995242 1106523
1804,1082185 6534178 1029743 995242 981760
1806,1082185 6534178 1029743 981760 1126899
1807,1082185 6534178 981760 1029743 995242
1808,1082185 6534178 1029743 1005186 995242
1809,1082185 6534178 995242 1029743 981760
1810,1082185 6534178 1029743 995242 849843
1811,1082185 6534178 1106523 981760 1029743
1812,1082185 6534178 1029743 849843 981760
1814,1082185 6534178 1029743 951590 904360
1815,1082185 6534178 1029743 995242 1127831
1816,1082185 6534178 1029743 995242 904360
1817,1082185 6534178 995242 981760 849843
1818,1082185 6534178 1029743 883404 1133018
1821,1082185 6534178 1106523 1029743 995242
1822,1082185 6534178 1029743 995242 1106523
1823,1082185 6534178 981760 1070820 862349
1824,1082185 6534178 1106523 995242 981760
1826,1082185 6534178 1029743 995242 1106523
1829,1082185 6534178 995242 1029743 1127831
1831,1082185 6534178 1058997 1127831 995785
1832,1082185 6534178 981760 1058997 826249
1833,1082185 6534178 1029743 1106523 1133018
1835,1082185 6534178 995242 1029743 981760
1836,1082185 6534178 1058997 981760 1127831
1837,1082185 6534178 1029743 995242 981760
1838,1082185 6534178 995242 1133018 1106523
1839,1082185 6534178 995242 1029743 1106523
1841,1082185 6534178 981760 995242 1029743
1843,1082185 6534178 1029743 951590 904360
1844,1082185 6534178 995242 995785 860776
1845,1082185 6534178 1029743 1127831 1126899
1847,1082185 6534178 1029743 862349 951590
1848,1082185 6534178 995242 951590 981760
1849,1082185 6534178 1029743 995242 981760
1850,1082185 6534178 1127831 981760 860776
1853,1082185 6534178 1075368 1085604 1024306
1854,1082185 6534178 995242 883404 1127831
1856,1082185 6534178 1029743 995242 981760
1858,1082185 6534178 995785 860776 1058997
1861,1082185 6534178 1029743 995242 981760
1862,1082185 6534178 1005186 5569230 995242
1864,1082185 6534178 995242 1127831 923746
1865,1082185 6534178 1127831 904360 1070820
1868,1082185 981760 995242 1029743 840361
1869,1082185 6534178 1029743 1126899 981760
1871,1082185 6534178 854852 860776 1026118
1872,1082185 6534178 1127831 1058997 995785
1873,1082185 6534178 1029743 1106523 981760
1876,1082185 981760 995242 1029743 840361
1879,1082185 6534178 951590 981760 1029743
1880,1082185 6534178 1106523 981760 1029743
1881,1082185 6534178 995242 849843 840361
1882,1082185 6534178 1029743 883404 849843
1883,1082185 6534178 1029743 995242 1106523
1887,1082185 6534178 981760 908531 1058997
1889,1082185 981760 995242 1029743 840361
1890,1082185 6534178 1127831 995242 1126899
1891,1082185 6534178 995242 1106523 1133018
1892,1082185 6534178 1029743 1106523 981760
1895,1082185 6534178 1133018 981760 1106523
1896,1082185 6534178 1029743 995242 1133018
1898,1082185 6534178 995242 981760 1005186
1899,1082185 6534178 1029743 951590 981760
1900,1082185 6534178 1029743 981760 904360
1901,1082185 6534178 1029743 995242 1106523
1903,1082185 6534178 1029743 1133018 1106523
1906,1082185 6534178 995242 1029743 981760
1907,1082185 6534178 1029743 995242 981760
1909,1082185 6534178 1029743 1133018 5569230
1911,1082185 6534178 995242 981760 1058997
1912,1082185 6534178 1029743 1106523 981760
1914,1082185 6534178 1029743 862349 995242
1916,1082185 6534178 1029743 1106523 981760
1917,1082185 6534178 1029743 1106523 995242
1919,1082185 6534178 1029743 1106523 1133018
1920,1082185 6534178 1127831 1029743 862349
1922,1082185 6534178 1127831 981760 1005186
1923,1082185 6534178 1127831 995785 995242
1924,1082185 6534178 1029743 995242 908531
1926,1082185 6534178 981760 923746 916122
1927,1082185 6534178 1029743 1106523 981760
1928,1082185 6534178 908531 1029743 862349
1929,1082185 6534178 1029743 981760 1106523
1930,1082185 6534178 1029743 995242 1106523
1931,1082185 6534178 981760 1106523 1133018
1935,1082185 6534178 1126899 904360 1005186
1936,1082185 6534178 1029743 995242 1005186
1937,1082185 6534178 995242 1029743 1127831
1939,1082185 6534178 995242 1029743 883404
1940,1082185 6534178 860776 995785 854852
1941,1082185 6534178 1106523 1133018 1029743
1942,1082185 6534178 1133018 995242 1106523
1943,1082185 6534178 1029743 1106523 995242
1944,1082185 6534178 1029743 1106523 1070820
1946,1082185 6534178 1029743 981760 1070820
1947,1082185 6534178 1029743 951590 1126899
1948,1082185 6534178 981760 1058997 840361
1949,1082185 6534178 1106523 981760 995242
1950,1082185 6534178 1029743 995242 1106523
1952,1082185 6534178 1029743 995242 826249
1953,1082185 6534178 995242 916122 981760
1954,1082185 6534178 1106523 1029743 1026118
1955,1082185 6534178 1029743 1106523 981760
1956,1082185 6534178 1029743 1126899 951590
1957,1082185 6534178 1029743 995242 904360
1959,1082185 981760 995242 1029743 840361
1960,1082185 6534178 862349 1029743 1127831
1961,1082185 6534178 1106523 1029743 995242
1962,1082185 6534178 995242 1005186 1029743
1963,1082185 6534178 1029743 862349 5569471
1964,1082185 6534178 1127831 1029743 981760
1965,1082185 6534178 1029743 1106523 1133018
1966,1082185 6534178 981760 995242 1127831
1967,1082185 6534178 995242 1029743 981760
1968,1082185 6534178 995242 1029743 981760
1969,1082185 6534178 1029743 995242 826249
1971,1082185 6534178 1029743 981760 995242
1975,1082185 6534178 995242 1029743 951590
1976,1082185 6534178 1106523 1029743 1133018
1978,1082185 6534178 1029743 995785 904360
1981,1082185 6534178 1126899 1029743 904360
1983,1082185 6534178 1029743 981760 995242
1985,1082185 6534178 1029743 1106523 5569230
1987,1082185 6534178 1082185 6534178 1029743
1988,1082185 6534178 1106523 1029743 840361
1989,1082185 6534178 1005186 995242 866227
1990,1082185 6534178 1029743 1126899 995242
1993,1082185 6534178 1029743 1133018 883404
1994,1082185 6534178 1029743 981760 1126899
1995,1082185 6534178 1029743 995242 1106523
1996,1082185 6534178 1029743 981760 1126899
1997,1082185 6534178 981760 1126899 1127831
1998,1082185 6534178 1133018 1106523 1029743
1999,1082185 6534178 995242 1029743 1127831
2001,1082185 6534178 1029743 1127831 981760
2003,1082185 6534178 995242 1058997 1127831
2004,1082185 6534178 995242 1029743 951590
2005,1082185 6534178 1029743 995242 981760
2006,1082185 6534178 1029743 995242 1133018
2007,1082185 6534178 1029743 1106523 981760
2008,1082185 6534178 995242 1029743 981760
2010,1082185 6534178 1029743 1106523 883404
2011,1082185 6534178 1005186 1065593 894236
2012,1082185 6534178 1029743 1106523 995242
2014,1082185 6534178 1029743 1106523 981760
2015,1082185 6534178 1029743 981760 1127831
2016,1082185 981760 995242 1029743 840361
2017,1082185 6534178 1029743 1126899 908531
2018,1082185 6534178 1106523 1029743 1127831
2019,1082185 6534178 1029743 995242 883404
2020,1082185 6534178 1029743 995242 981760
2021,1082185 6534178 981760 951590 1029743
2022,1082185 6534178 1029743 995242 951590
2023,1082185 6534178 826249 860776 5569374
2025,1082185 6534178 1029743 1106523 1126899
2026,1082185 981760 995242 1029743 840361
2027,1082185 6534178 1029743 995242 981760
2028,1082185 6534178 1029743 995242 951590
2029,1082185 6534178 1029743 981760 1133018
2030,1082185 6534178 995242 1029743 840361
2031,1082185 981760 995242 1029743 840361
2032,1082185 981760 995242 1029743 840361
2033,1082185 6534178 1029743 995242 981760
2034,1082185 6534178 995785 1126899 1029743
2036,1082185 6534178 1029743 1126899 995242
2037,1082185 6534178 1029743 981760 849843
2038,1082185 6534178 1029743 981760 923746
2039,1082185 981760 995242 1029743 840361
2041,1082185 6534178 1029743 981760 923746
2042,1082185 981760 995242 1029743 840361
2043,1082185 6534178 1029743 981760 849843
2047,1082185 6534178 1029743 1106523 995242
2048,1082185 6534178 1106523 1029743 981760
2049,1082185 6534178 1029743 995242 981760
2050,1082185 6534178 1029743 995242 951590
2055,1082185 6534178 1133018 981760 1127831
2056,1082185 6534178 1106523 1029743 1133018
2057,1082185 6534178 1029743 981760 908531
2058,1082185 6534178 1127831 860776 5569471
2059,1082185 981760 995242 1029743 840361
2060,1082185 6534178 1029743 826249 986912
2062,1082185 6534178 1029743 995242 981760
2063,1082185 6534178 981760 995242 1005186
2064,1082185 6534178 995242 1029743 981760
2065,1082185 6534178 1029743 995242 883404
2068,1082185 6534178 1127831 904360 1070820
2070,1082185 6534178 1029743 995242 981760
2071,1082185 6534178 1029743 1106523 904360
2072,1082185 981760 995242 1029743 840361
2075,1082185 6534178 1029743 995242 883404
2076,1082185 6534178 995242 981760 1058997
2077,1082185 6534178 1106523 840361 1133018
2079,1082185 6534178 1106523 1029743 951590
2080,1082185 6534178 1029743 1106523 981760
2081,1082185 981760 995242 1029743 840361
2082,1082185 6534178 1029743 995242 981760
2083,1082185 6534178 981760 1005186 1070820
2084,1082185 6534178 981760 995242 862349
2085,1082185 6534178 1029743 995242 981760
2086,1082185 6534178 1029743 995242 860776
2087,1082185 6534178 1029743 995242 981760
2088,1082185 6534178 1029743 995242 981760
2090,1082185 6534178 995242 1098066 883404
2091,1082185 981760 995242 1029743 840361
2094,1082185 6534178 995242 860776 981760
2095,1082185 6534178 1029743 1106523 1133018
2099,1082185 981760 995242 1029743 840361
2100,1082185 6534178 995242 1029743 1133018
2101,1082185 6534178 995242 883404 1127831
2102,1082185 6534178 995242 904360 951590
2105,1082185 981760 995242 1029743 840361
2108,1082185 6534178 1029743 995242 1106523
2109,1082185 6534178 981760 1029743 1106523
2110,1082185 6534178 1029743 1106523 995242
2112,1082185 6534178 1029743 904360 995242
2114,1082185 6534178 1127831 1005186 986912
2115,1082185 6534178 1029743 1070820 995242
2116,1082185 6534178 1029743 981760 995242
2119,1082185 6534178 1029743 995242 883404
2120,1082185 6534178 1082185 6534178 1029743
2121,1082185 6534178 995242 981760 1127831
2122,1082185 6534178 951590 1106523 1127831
2123,1082185 6534178 995242 1029743 5569230
2124,1082185 6534178 1106523 1029743 1133018
2125,1082185 6534178 1029743 995242 1127831
2126,1082185 6534178 1127831 860776 834484
2129,1082185 6534178 1029743 995242 981760
2130,1082185 6534178 1106523 1029743 1133018
2131,1082185 6534178 1029743 995242 981760
2132,1082185 6534178 995242 1133018 1127831
2133,1082185 6534178 1029743 1126899 840361
2134,1082185 6534178 1106523 1029743 981760
2135,1082185 6534178 995242 883404 849843
2136,1082185 6534178 981760 1127831 1098066
2137,1082185 6534178 995242 1029743 981760
2138,1082185 6534178 1029743 995242 981760
2139,1082185 6534178 1029743 995242 1005186
2141,1082185 6534178 1029743 951590 1070820
2142,1082185 6534178 1029743 995242 883404
2146,1082185 6534178 1029743 995242 1106523
2147,1082185 6534178 1106523 1029743 1133018
2148,1082185 6534178 981760 1133018 1106523
2149,1082185 6534178 1106523 981760 1133018
2151,1082185 6534178 1029743 981760 1133018
2153,1082185 6534178 1029743 995242 981760
2154,1082185 6534178 995242 1106523 1133018
2155,1082185 981760 995242 1029743 840361
2156,1082185 6534178 1029743 995242 1058997
2158,1082185 6534178 981760 1098066 862349
2159,1082185 6534178 1106523 1133018 1029743
2161,1082185 6534178 1126899 904360 5569230
2162,1082185 6534178 1029743 995242 1133018
2167,1082185 981760 995242 1029743 840361
2168,1082185 6534178 1029743 995242 981760
2169,1082185 6534178 1126899 904360 1133018
2170,1082185 6534178 1029743 995242 1106523
2171,1082185 6534178 995242 951590 1133018
2172,1082185 6534178 1029743 995242 1127831
2173,1082185 6534178 1029743 951590 981760
2174,1082185 6534178 1029743 1106523 1126899
2175,1082185 981760 995242 1029743 840361
2176,1082185 981760 995242 1029743 840361
2179,1082185 6534178 995242 981760 1106523
2181,1082185 6534178 1029743 995242 981760
2182,1082185 6534178 1029743 1106523 1005186
2183,1082185 6534178 1029743 995242 981760
2184,1082185 6534178 1106523 1029743 981760
2185,1082185 6534178 995242 981760 1029743
2186,1082185 6534178 1029743 1106523 951590
2188,1082185 6534178 1106523 1133018 1029743
2189,1082185 6534178 1029743 1106523 951590
2190,1082185 6534178 1029743 995242 1133018
2193,1082185 6534178 1029743 981760 1127831
2194,1082185 6534178 995242 981760 904360
2196,1082185 6534178 995242 1029743 981760
2197,1082185 6534178 981760 5569230 1133018
2198,1082185 6534178 995242 981760 1029743
2199,1082185 6534178 1029743 995242 1127831
2200,1082185 6534178 1029743 981760 995242
2202,1082185 6534178 916122 1081177 834484
2203,1082185 6534178 1029743 995242 981760
2204,1082185 6534178 1029743 981760 1106523
2205,1082185 6534178 1029743 995242 981760
2206,1082185 6534178 1029743 981760 826249
2207,1082185 6534178 1029743 995242 1106523
2208,1082185 6534178 1029743 1106523 981760
2209,1082185 6534178 1029743 995242 981760
2211,1082185 6534178 1126899 1058997 981760
2212,1082185 981760 995242 1029743 840361
2213,1082185 6534178 1106523 1029743 981760
2214,1082185 6534178 1029743 840361 844165
2215,1082185 6534178 1106523 1133018 981760
2217,1082185 6534178 995242 1029743 862349
2221,1082185 6534178 1126899 1058997 1127831
2222,1082185 6534178 1029743 995242 981760
2224,1082185 6534178 1029743 995242 981760
2225,1082185 6534178 916122 860776 1126899
2228,1082185 981760 995242 1029743 840361
2229,1082185 6534178 981760 862349 1058997
2231,1082185 6534178 981760 1126899 1029743
2233,1082185 6534178 1127831 1058997 981760
2234,1082185 6534178 981760 1127831 1133018
2235,1082185 6534178 981760 1029743 1127831
2237,1082185 6534178 1029743 908531 981760
2238,1082185 6534178 1029743 981760 1133018
2239,1082185 6534178 1029743 995242 908531
2241,1082185 6534178 1029743 995242 981760
2243,1082185 6534178 1029743 995242 981760
2244,1082185 6534178 1029743 995242 1106523
2245,1082185 6534178 995242 981760 1029743
2247,1082185 6534178 1029743 1106523 981760
2248,1082185 6534178 1029743 1106523 981760
2250,1082185 6534178 1029743 995242 883404
2252,1082185 6534178 1029743 995242 981760
2253,1082185 6534178 1029743 995242 1133018
2256,1082185 6534178 1029743 840361 860776
2257,1082185 6534178 1106523 1133018 1029743
2259,1082185 981760 995242 1029743 840361
2260,1082185 6534178 1029743 995242 981760
2261,1082185 6534178 1106523 1029743 951590
2262,1082185 6534178 1029743 862349 981760
2263,1082185 6534178 995242 1029743 981760
2264,1082185 6534178 1029743 1126899 860776
2266,1082185 6534178 981760 862349 995242
2267,1082185 6534178 1126899 1029743 995785
2269,1082185 6534178 1029743 951590 981760
2270,1082185 6534178 1029743 995242 981760
2271,1082185 981760 995242 1029743 840361
2272,1082185 6534178 1029743 826249 1133018
2273,1082185 6534178 1029743 995242 981760
2274,1082185 6534178 1029743 1106523 951590
2275,1082185 6534178 1029743 995242 883404
2276,1082185 6534178 1029743 995242 908531
2277,1082185 6534178 1029743 1106523 995242
2278,1082185 6534178 904360 1058997 995785
2280,1082185 6534178 981760 1029743 1070820
2281,1082185 6534178 995242 5569230 1058997
2282,1082185 6534178 860776 1070820 995785
2283,1082185 6534178 1029743 1106523 981760
2284,1082185 6534178 1029743 981760 1106523
2285,1082185 6534178 1058997 995785 1127831
2289,1082185 6534178 1029743 995242 883404
2292,1082185 6534178 1029743 995242 883404
2293,1082185 6534178 1127831 1070820 995785
2295,1082185 6534178 1029743 1106523 981760
2296,1082185 6534178 1029743 981760 995242
2297,1082185 6534178 1106523 849843 854852
2298,1082185 6534178 1029743 995242 1106523
2299,1082185 6534178 995242 981760 904360
2300,1082185 6534178 1029743 995242 981760
2301,1082185 6534178 1029743 995242 883404
2302,1082185 6534178 1029743 995242 981760
2303,1082185 6534178 1029743 995242 908531
2305,1082185 6534178 1029743 995242 908531
2307,1082185 6534178 995242 1029743 849843
2308,1082185 981760 995242 1029743 840361
2312,1082185 6534178 981760 1127831 1005186
2314,1082185 6534178 995785 840361 1126899
2315,1082185 981760 995242 1029743 840361
2317,1082185 6534178 1029743 995242 1127831
2322,1082185 6534178 1127831 1029743 1126899
2323,1082185 6534178 995242 1005186 1053690
2324,1082185 6534178 1029743 995242 1106523
2325,1082185 981760 995242 1029743 840361
2328,1082185 6534178 1106523 1029743 981760
2330,1082185 6534178 1029743 1106523 995242
2331,1082185 6534178 1029743 995242 840361
2333,1082185 6534178 1029743 908531 862349
2334,1082185 6534178 1029743 981760 995242
2335,1082185 6534178 1029743 995242 1106523
2336,1082185 6534178 1029743 995242 1106523
2337,1082185 6534178 1029743 1106523 981760
2338,1082185 6534178 981760 1106523 1029743
2339,1082185 981760 995242 1029743 840361
2340,1082185 6534178 1106523 1029743 883404
2341,1082185 6534178 1029743 1106523 1133018
2342,1082185 6534178 1029743 995242 981760
2343,1082185 6534178 1029743 995242 1133018
2344,1082185 6534178 1133018 1029743 904360
2345,1082185 6534178 1029743 995242 1106523
2347,1082185 6534178 1029743 995242 1133018
2349,1082185 6534178 1029743 1127831 1106523
2350,1082185 981760 995242 1029743 840361
2351,1082185 6534178 995242 1029743 981760
2352,1082185 6534178 981760 1133018 995242
2354,1082185 6534178 981760 1126899 860776
2359,1082185 6534178 1106523 1029743 883404
2360,1082185 6534178 1029743 995242 1127831
2361,1082185 6534178 981760 1029743 1126899
2363,1082185 6534178 1029743 995242 904360
2364,1082185 6534178 1082185 6534178 1029743
2366,1082185 6534178 995242 1029743 883404
2368,1082185 981760 995242 1029743 840361
2369,1082185 6534178 1029743 951590 995242
2370,1082185 6534178 981760 1029743 862349
2372,1082185 6534178 1029743 995242 981760
2374,1082185 6534178 981760 1029743 1070820
2375,1082185 6534178 1106523 981760 1133018
2376,1082185 6534178 1029743 1005186 826249
2377,1082185 6534178 995242 1029743 826249
2378,1082185 6534178 1029743 995242 883404
2379,1082185 6534178 981760 1058997 1005186
2380,1082185 6534178 1029743 995242 1127831
2381,1082185 6534178 1133018 981760 1106523
2385,1082185 6534178 1029743 995242 1106523
2386,1082185 6534178 1029743 883404 1106523
2388,1082185 6534178 1029743 1106523 995242
2389,1082185 6534178 1029743 995242 981760
2393,1082185 6534178 995242 981760 1127831
2394,1082185 6534178 826249 840361 904360
2395,1082185 6534178 1029743 995242 1106523
2397,1082185 6534178 1133018 981760 904360
2400,1082185 6534178 1029743 1106523 995242
2401,1082185 6534178 1106523 1133018 981760
2404,1082185 6534178 1082185 6534178 1029743
2405,1082185 6534178 1029743 995242 981760
2406,1082185 6534178 1029743 1126899 981760
2407,1082185 6534178 1029743 995242 981760
2408,1082185 6534178 1029743 923746 826249
2410,1082185 6534178 1029743 981760 1106523
2412,1082185 6534178 1029743 1106523 981760
2416,1082185 6534178 1029743 995242 981760
2418,1082185 6534178 1029743 951590 995242
2420,1082185 6534178 1029743 1106523 981760
2421,1082185 6534178 1029743 981760 995242
2424,1082185 6534178 1029743 995242 981760
2425,1082185 6534178 1029743 995242 981760
2426,1082185 6534178 1029743 995242 844165
2427,1082185 6534178 981760 1029743 995242
2429,1082185 6534178 1029743 995242 860776
2431,1082185 6534178 981760 1106523 995242
2435,1082185 6534178 1029743 995242 908531
2437,1082185 6534178 1029743 995242 1070820
2438,1082185 6534178 995242 1058997 1081177
2440,1082185 6534178 1106523 1029743 981760
2441,1082185 6534178 995242 1029743 908531
2445,1082185 6534178 1029743 995242 981760
2446,1082185 6534178 904360 1126899 1127831
2447,1082185 6534178 1127831 1058997 981760
2448,1082185 6534178 1106523 981760 1133018
2449,1082185 6534178 1029743 1106523 995242
2450,1082185 6534178 1029743 1127831 1070820
2451,1082185 6534178 981760 995242 1029743
2452,1082185 6534178 1106523 1029743 981760
2453,1082185 6534178 904360 1005186 1070820
2455,1082185 6534178 1029743 981760 1106523
2456,1082185 6534178 995242 1058997 1126899
2457,1082185 6534178 1106523 995242 1133018
2458,1082185 6534178 1127831 1029743 1058997
2459,1082185 6534178 1029743 995242 981760
2460,1082185 6534178 5569230 1133018 904360
2461,1082185 6534178 1127831 1098066 1058997
2462,1082185 6534178 1029743 995242 1127831
2464,1082185 6534178 1127831 1070820 840361
2465,1082185 6534178 981760 986912 923746
2466,1082185 6534178 1029743 1106523 981760
2467,1082185 6534178 1029743 995242 908531
2470,1082185 6534178 981760 995242 995785
2471,1082185 6534178 1029743 981760 1058997
2472,1082185 6534178 1029743 981760 995242
2475,1082185 6534178 1029743 1070820 862349
2477,1082185 6534178 995242 826249 1098066
2478,1082185 6534178 1133018 904360 1005186
2479,1082185 6534178 981760 1106523 995242
2481,1082185 6534178 1029743 995242 981760
2482,1082185 6534178 1029743 1106523 995242
2483,1082185 6534178 995242 849843 1029743
2484,1082185 6534178 1029743 995242 981760
2485,1082185 6534178 995242 1029743 883404
2486,1082185 6534178 1029743 995242 1106523
2488,1082185 6534178 981760 1029743 916122
2489,1082185 6534178 1029743 995242 1106523
2492,1082185 6534178 1106523 1029743 883404
2494,1082185 6534178 1029743 840361 1127831
2496,1082185 6534178 981760 1106523 1029743
2498,1082185 6534178 1029743 1106523 1126899
2499,1082185 6534178 1029743 1106523 1070820
2500,1082185 6534178 1029743 995242 981760
